Designator,Mid X,Mid Y,Layer,Rotation
C1,157.600000mm,-139.079999mm,Bottom,90.000000
C2,155.350000mm,-139.079999mm,Bottom,90.000000
C3,164.300000mm,-139.700000mm,Bottom,-90.000000
C4,165.300000mm,-146.280000mm,Bottom,90.000000
C5,167.500000mm,-146.280000mm,Bottom,90.000000
C6,169.450000mm,-146.280000mm,Bottom,90.000000
C7,161.500000mm,-134.680000mm,Bottom,-90.000000
C8,170.160000mm,-127.020000mm,Bottom,180.000000
C9,170.040000mm,-162.920000mm,Bottom,180.000000
C10,170.340000mm,-160.600000mm,Bottom,180.000000
C11,155.000000mm,-141.850000mm,Bottom,180.000000
D1,154.700000mm,-146.579999mm,Bottom,90.000000
D2,141.260000mm,-147.400000mm,Bottom,0.000000
D3,154.700000mm,-154.280000mm,Bottom,-90.000000
F1,114.510000mm,-184.850000mm,Bottom,0.000000
J1,173.800000mm,-114.880000mm,Bottom,180.000000
J2,148.400000mm,-114.880000mm,Bottom,180.000000
J3,146.000000mm,-168.500000mm,Bottom,180.000000
L1,160.900000mm,-144.829999mm,Bottom,-90.000000
R2,159.700000mm,-134.680000mm,Bottom,-90.000000
R3,157.350000mm,-135.880000mm,Bottom,180.000000
R4,152.900000mm,-138.280000mm,Bottom,90.000000
R5,170.160000mm,-125.039999mm,Bottom,180.000000
R6,144.860000mm,-147.400000mm,Bottom,180.000000
R7,143.800000mm,-140.280000mm,Bottom,180.000000
R8,143.800000mm,-142.820000mm,Bottom,180.000000
R9,167.200000mm,-134.400000mm,Bottom,180.000000
R10,164.000000mm,-134.400000mm,Bottom,180.000000
U1,160.900000mm,-139.079999mm,Bottom,90.000000
J5,172.500000mm,-201.500000mm,Top,0.000000
J6,187.500000mm,-201.500000mm,Top,0.000000
SW1,119.500000mm,-205.084999mm,Top,0.000000
SW2,178.300000mm,-99.584999mm,Top,0.000000
SW3,189.600000mm,-99.584999mm,Top,0.000000
