Comment,Designator,Footprint,LCSC Part #
CL21B104KBCNNNC,C1,C_0805_2012Metric,C1711
CL21A106KAYNNNE,"C2, C9, C11",C_0805_2012Metric,C15850
CL10B104KB8NNNC,"C3, C6, C8, C10",C_0603_1608Metric,C1591
CL21A226MOQNNNE,"C4, C5",C_0805_2012Metric,C98190
CL10C220JB8NNNC,C7,C_0603_1608Metric,C1653
SMBJ12A,D1,D_SMB,C151251
LTST-C171KRKT,D2,LED_0805_2012Metric,C284871
B340B-13-F,D3,D_SMB,C85099
1812L200/12DR,F1,Fuse_1812_4532Metric,C315901
PPTC191LFBN-RC,"J1, J2",PinSocket_1x19_P2.54mm_Vertical,C2897382
BM05B-GHS-TBT,J3,JST_GH_BM05B-GHS-TBT_1x05-1MP_P1.25mm_Vertical,C189891
XT30UPB-F,"J5, J6",AMASS_XT30UPB-F_1x02_P5.0mm_Vertical,C108769
SRN6045TA-6R8M,L1,L_Bourns_SRN6045TA,C2041457
RC0603FR-07100KL,"R2, R4, R10",R_0603_1608Metric,C14675
RC0603FR-0713K7L,R3,R_0603_1608Metric,C482771
RC0603FR-0739KL,R5,R_0603_1608Metric,C163424
RC0603FR-071KL,"R6, R8",R_0603_1608Metric,C22548
RC0603FR-07100RL,R7,R_0603_1608Metric,C105588
RC0603FR-07402KL,R9,R_0603_1608Metric,C874662
0436500215,"SW1, SW2, SW3",Molex_Micro-Fit_3.0_43650-0215_1x02_P3.00mm_Vertical,C293740
LMR51430XFDDCR,U1,SOT-23-6,C5219260
