Section,Qty per board,Order qty (2 boards + spares),References,Description,Manufacturer,MPN,LCSC #,Other supplier,Footprint,Notes
Board (solder on),4,8,"BT1, BT2, BT3, BT4","Battery holder, 1x 18650, surface mount",Keystone Electronics,1042,,DigiKey 36-1042-ND (not sold by LCSC),BatteryHolder_Keystone_1042_1x18650,
Board (solder on),1,10,C1,"Capacitor 100 nF 50 V X7R, 0805",Samsung Electro-Mechanics,CL21B104KBCNNNC,C1711,,C_0805_2012Metric,
Board (solder on),3,11,"C2, C9, C11","Capacitor 10 uF 25 V X5R, 0805",Samsung Electro-Mechanics,CL21A106KAYNNNE,C15850,,C_0805_2012Metric,
Board (solder on),4,13,"C3, C6, C8, C10","Capacitor 100 nF 50 V X7R, 0603",Samsung Electro-Mechanics,CL10B104KB8NNNC,C1591,,C_0603_1608Metric,
Board (solder on),2,10,"C4, C5","Capacitor 22 uF 16 V X5R, 0805",Samsung Electro-Mechanics,CL21A226MOQNNNE,C98190,,C_0805_2012Metric,
Board (solder on),1,10,C7,"Capacitor 22 pF 50 V C0G, 0603",Samsung Electro-Mechanics,CL10C220JB8NNNC,C1653,,C_0603_1608Metric,
Board (solder on),1,3,D1,"TVS diode, 12 V standoff, SMB",Littelfuse,SMBJ12A,C151251,,D_SMB,
Board (solder on),1,10,D2,"LED, red, 0805 (status light)",Lite-On,LTST-C171KRKT,C284871,,LED_0805_2012Metric,
Board (solder on),1,3,D3,"Schottky diode 40 V 3 A, SMB (reverse-polarity protection)",Diodes Incorporated,B340B-13-F,C85099,,D_SMB,
Board (solder on),1,3,F1,"Resettable fuse (PTC) 2 A hold, 12 V, 1812",Littelfuse,1812L200/12DR,C315901,,Fuse_1812_4532Metric,Alt: Polytronics SMD1812P200TF/16
Board (solder on),2,5,"J1, J2","Female header 1x19, 2.54 mm (socket for the ESP32-DevKitC)",Sullins Connector Solutions,PPTC191LFBN-RC,C2897382,DigiKey S7017-ND if you want the Sullins part itself,PinSocket_1x19_P2.54mm_Vertical,
Board (solder on),1,3,J3,JST GH 5-pin vertical header (camera),JST,BM05B-GHS-TBT,C189891,,JST_GH_BM05B-GHS-TBT_1x05-1MP_P1.25mm_Vertical,
Board (solder on),2,5,"J5, J6","AMASS XT30 female, vertical PCB mount (battery outputs)",AMASS,XT30UPB-F,C108769,,AMASS_XT30UPB-F_1x02_P5.0mm_Vertical,"J5 to the TeleMetrum, J6 to the Aerolotl. Pin 1 = minus, pin 2 = plus, as marked on the housing"
Board (solder on),1,3,L1,"Power inductor 6.8 uH, 3.6 A rms / 5.7 A sat, 6 x 6 mm",Bourns,SRN6045TA-6R8M,C2041457,,L_Bourns_SRN6045TA,
Board (solder on),3,11,"R2, R4, R10","Resistor 100 k 1%, 0603",Yageo,RC0603FR-07100KL,C14675,,R_0603_1608Metric,
Board (solder on),1,10,R3,"Resistor 13.7 k 1%, 0603",Yageo,RC0603FR-0713K7L,C482771,,R_0603_1608Metric,
Board (solder on),1,10,R5,"Resistor 39 k 1%, 0603",Yageo,RC0603FR-0739KL,C163424,,R_0603_1608Metric,
Board (solder on),1,10,R6,"Resistor 1 k 1%, 0603",Yageo,RC0603FR-071KL,C22548,,R_0603_1608Metric,
Board (solder on),2,10,"R7, R8","Resistor 100 ohm 1%, 0603",Yageo,RC0603FR-07100RL,C105588,,R_0603_1608Metric,
Board (solder on),1,10,R9,"Resistor 402 k 1%, 0603",Yageo,RC0603FR-07402KL,C874662,,R_0603_1608Metric,
Board (solder on),3,7,"SW1, SW2, SW3",Molex Micro-Fit 3.0 2-pin vertical header,Molex,0436500215,C293740,,Molex_Micro-Fit_3.0_43650-0215_1x02_P3.00mm_Vertical,"SW1 camera power, SW2/SW3 pin-switch leads"
Board (solder on),1,3,U1,"Buck converter 4.5-36 V in, 3 A, SOT-23-6 (makes the 5 V rail)",Texas Instruments,LMR51430XFDDCR,C5219260,,SOT-23-6,
Board hardware,4,8,H7-H10,"SMT steel standoff, M2 thread, 5 mm (camera mounts, back side)",Wurth Elektronik,9774050243R,,DigiKey 732-7097-1-ND / Mouser 710-9774050243R (not sold by LCSC),,Soldered like a part
Plugs in / mounts on,1,2,,"ESP32 dev board, DevKitC V4",Espressif,ESP32-DevKitC-32E,,Mouser 356-ESP32-DEVKITC32E (or DigiKey 1965-ESP32-DEVKITC-32E-ND),,Plugs into J1/J2 from the back
Plugs in / mounts on,1,2,,"Camera, RunCam Split 4",RunCam,Split 4,,,,"Sits on H7-H10. Build its harness: J3 (JST GH 5-pin) to the camera's 3-pin power/video plug (VCC, GND, video) + 2 wires soldered to its RX/TX pads"
Plugs in / mounts on,4,8,,"Screw M2 x 4 mm, pan head",,,,,,Camera to standoffs
Plugs in / mounts on,4,8,,"18650 Li-ion cell, flat top, high drain",Molicel,INR-18650-P28A,,,,Or any high-drain flat-top 18650; never mix cells in the series pair
Cable side,3,6,"SW1, SW2, SW3","Micro-Fit 3.0 receptacle housing, 2-pin",Molex,0436450200,C114089,,,
Cable side,6,12,"SW1, SW2, SW3","Micro-Fit 3.0 female crimp terminal, 20-24 AWG",Molex,0430300007,C293530,,,"Needs a Micro-Fit crimper, or buy pre-crimped leads"
Cable side,2,4,"J5, J6","XT30 male plug, solder cup (cable to each flight computer)",AMASS,XT30U-M,C99101,,,Solder 18-20 AWG; check polarity against the +/- on the board
Cable side,1,2,J3,"JST GH housing, 5-pin",JST,GHR-05V-S,C160419,,,Or a pre-crimped GH 5-pin cable
Cable side,5,10,J3,"JST GH crimp terminal, 26-30 AWG",JST,SSHL-002T-P0.2,C189897,,,
Cable side,1,2,SW1,"Toggle switch, SPST, 3 A or more, panel mount",,,,,,"Camera power switch, wired to the SW1 plug"
PCB,1,5,,"PCB, 2 layers, 145.3 mm (5.72 in) round, 1.6 mm FR-4, 1 oz copper",JLCPCB (or any fab),,,,,Upload fab/battery_pcb_gerbers.zip; 5 is the usual minimum order
